{"<=50k":{"federal-gov":40.2089552239,"local-gov":39.4572204617,"never-worked":28.9,"private":38.203042715,"self-emp-inc":46.500660502,"self-emp-not-inc":43.3741472172,"state-gov":37.288766368,"without-pay":32.2631578947},">50k":{"federal-gov":43.5383244207,"local-gov":44.1596548004,"never-worked":null,"private":45.0380292734,"self-emp-inc":50.2409381663,"self-emp-not-inc":47.0352831941,"state-gov":44.0245283019,"without-pay":50.0}}